,true_x,true_y,true_yaw,odo_x,odo_y,odo_yaw,z_x,z_y,u_dl,u_dtheta,z_n,u_dl_n,u_dtheta_n
0,0.1,0.0,0.01,0.108747038911,0.0,-0.00848756972097,0.0720454069681,0.161810209148,0.108747038911,-0.00848756972097,0.1,0.05,0.01
1,0.199995000042,0.000999983333417,0.02,0.172282418184,-0.000539273910952,0.0156241543364,0.0,0.0,0.06353766785,0.0241117240573,0.0,0.05,0.01
2,0.299975000708,0.00299985000275,0.03,0.25813082457,0.000802143994778,0.0369726652976,0.0,0.0,0.0858588858592,0.0213485109612,0.0,0.05,0.01
3,0.399930004083,0.005999400023,0.04,0.403416411481,0.00617618832879,0.0526200526714,0.0,0.0,0.1453849446,0.0156473873738,0.0,0.05,0.01
4,0.499850014749,0.00999833344166,0.05,0.50150332095,0.0113422956449,0.0637383717452,0.0,0.0,0.0982228612604,0.0111183190738,0.0,0.05,0.01
5,0.599725040789,0.0149962503687,0.06,0.589818614558,0.0169790039206,0.0736641123676,0.0,0.0,0.0884949917514,0.00992574062244,0.0,0.05,0.01
6,0.699545094782,0.0209926510167,0.07,0.687738244115,0.0242052420694,0.0863310344852,0.0,0.0,0.0981859071887,0.0126669221175,0.0,0.05,0.01
7,0.799300194808,0.0279869357504,0.08,0.748916335877,0.0294999705137,0.0857515765726,0.0,0.0,0.061406783509,-0.000579457912573,0.0,0.05,0.01
8,0.898980365438,0.0359784051473,0.09,0.795721785932,0.0335234785507,0.0939819905638,0.0,0.0,0.0469780669221,0.00823041399121,0.0,0.05,0.01
9,0.998575638739,0.0449662600671,0.1,0.873891883287,0.0408917664366,0.08555062602,0.0,0.0,0.0785165956152,-0.00843136454377,0.0,0.05,0.01
10,1.09807605527,0.0549496017318,0.11,1.06525376042,0.0573029516974,0.093868551808,0.0,0.0,0.19206429918,0.00831792578795,0.0,0.05,0.01
11,1.19747166506,0.0659274318155,0.12,1.03064797187,0.0540449818281,0.0956341779538,0.0,0.0,-0.0347588113786,0.00176562614583,0.0,0.05,0.01
12,1.29675252865,0.0778986525444,0.13,1.15189877358,0.0656761834687,0.108785040274,0.0,0.0,0.121807396192,0.0131508623204,0.0,0.05,0.01
13,1.39590871802,0.0908620668064,0.14,1.26927419655,0.0784954821752,0.110764948428,0.0,0.0,0.118073385385,0.00197990815348,0.0,0.05,0.01
14,1.49493031764,0.104816378271,0.15,1.34442719186,0.0868540110627,0.123328749636,0.0,0.0,0.0756163851941,0.0125638012087,0.0,0.05,0.01
15,1.59380742543,0.119760191518,0.16,1.44580700811,0.0994208354558,0.111062120628,0.0,0.0,0.102155725327,-0.0122666290083,0.0,0.05,0.01
16,1.69253015377,0.13569201218,0.17,1.52926402663,0.108728047937,0.124712891436,0.0,0.0,0.0839743898095,0.0136507708081,0.0,0.05,0.01
17,1.79108863046,0.152610247086,0.18,1.64494646293,0.123230403655,0.135946822886,0.0,0.0,0.116587925583,0.0112339314494,0.0,0.05,0.01
18,1.88947299974,0.170513204429,0.19,1.8181853861,0.146927853495,0.138111836591,0.0,0.0,0.174852205101,0.00216501370558,0.0,0.05,0.01
19,1.98767342325,0.189399093927,0.2,2.0382361324,0.177514190867,0.159247418274,0.0,0.0,0.222166277775,0.021135581683,0.0,0.05,0.01
20,2.08568008104,0.209266027006,0.21,2.09824803315,0.187152544589,0.179258021959,0.0,0.0,0.0607809681927,0.0200106036848,0.0,0.05,0.01
21,2.18348317251,0.230112016991,0.22,2.14192673301,0.195067259765,0.20103789138,0.0,0.0,0.0443899936633,0.0217798694207,0.0,0.05,0.01
22,2.28107291744,0.251934979299,0.23,2.20365795059,0.207647514168,0.215083516153,0.0,0.0,0.063000047818,0.014045624773,0.0,0.05,0.01
23,2.37843955694,0.274732731652,0.24,2.37674293754,0.245460130095,0.225090652919,0.0,0.0,0.177167171426,0.0100071367658,0.0,0.05,0.01
24,2.47557335443,0.298502994295,0.25,2.45257434055,0.262823305126,0.241320040867,0.0,0.0,0.0777938399237,0.0162293879485,0.0,0.05,0.01
25,2.5724645966,0.32324339022,0.26,2.61057678585,0.301710274266,0.243878730385,0.0,0.0,0.162717451703,0.00255868951775,0.0,0.05,0.01
26,2.66910359441,0.34895144541,0.27,2.7725748526,0.342020519258,0.241039819674,0.0,0.0,0.16693798094,-0.00283891071027,0.0,0.05,0.01
27,2.76548068405,0.375624589079,0.28,2.87487124385,0.367166923452,0.248417251509,0.0,0.0,0.105341792789,0.00737743183432,0.0,0.05,0.01
28,2.86158622788,0.403260153935,0.29,3.03927643241,0.40886939414,0.272304151573,0.0,0.0,0.169611798193,0.0238869000637,0.0,0.05,0.01
29,2.95741061543,0.431855376445,0.3,3.0848242455,0.421588181927,0.281680728518,0.0,0.0,0.0472902827213,0.00937657694521,0.0,0.05,0.01
30,3.05294426434,0.461407397112,0.31,3.21247951079,0.45852841297,0.293982782837,0.0,0.0,0.132892616146,0.0123020543195,0.0,0.05,0.01
31,3.14817762133,0.491913260756,0.32,3.25597890849,0.471698091444,0.297071436123,0.0,0.0,0.0454492907697,0.00308865328581,0.0,0.05,0.01
32,3.24310116314,0.523369916818,0.33,3.31367506768,0.489360636833,0.313890922649,0.0,0.0,0.0603391439637,0.016819486526,0.0,0.05,0.01
33,3.33770539749,0.555774219657,0.34,3.37832239443,0.510346649197,0.331381914291,0.0,0.0,0.0679682982781,0.0174909916422,0.0,0.05,0.01
34,3.43198086405,0.589122928871,0.35,3.50040386751,0.552351178269,0.338032565455,0.0,0.0,0.12910564098,0.00665065116412,0.0,0.05,0.01
35,3.52591813533,0.623412709617,0.36,3.64808057916,0.604263204134,0.372015385307,0.0,0.0,0.156535202414,0.0339828198512,0.0,0.05,0.01
36,3.6195078177,0.658640132944,0.37,3.69916699029,0.624196281596,0.379165017786,0.0,0.0,0.0548374778702,0.00714963247934,0.0,0.05,0.01
37,3.71274055226,0.694801676141,0.38,3.73680963182,0.639194798503,0.38797897946,0.0,0.0,0.0405206610309,0.00881396167416,0.0,0.05,0.01
38,3.80560701582,0.731893723082,0.39,3.84108326666,0.681810845833,0.396065767446,0.0,0.0,0.112645987115,0.00808678798553,0.0,0.05,0.01
39,3.8980979218,0.769912564594,0.4,3.87623970133,0.696511980199,0.396396278435,3.85287966953,0.792703268529,0.0381064069485,0.000330510989343,0.1,0.05,0.01
40,3.9902040212,0.808854398825,0.41,3.88984495017,0.702206481061,0.407870578485,0.0,0.0,0.0147489028741,0.0114743000498,0.0,0.05,0.01
41,4.08191610349,0.848715331624,0.42,3.98200352977,0.74202837503,0.410719049775,0.0,0.0,0.100394158363,0.00284847128982,0.0,0.05,0.01
42,4.17322499752,0.88949137693,0.43,4.13677044448,0.809427254338,0.419601008066,0.0,0.0,0.16880582579,0.00888195829099,0.0,0.05,0.01
43,4.26412157248,0.931178457172,0.44,4.29330662649,0.879257116838,0.416249385029,0.0,0.0,0.17140532656,-0.00335162303664,0.0,0.05,0.01
44,4.35459673881,0.973772403679,0.45,4.41070555017,0.931157004242,0.446169515806,0.0,0.0,0.128359283247,0.029920130777,0.0,0.05,0.01
45,4.44464144904,1.01726895709,0.46,4.5214793961,0.984144507014,0.466752803104,0.0,0.0,0.122794626884,0.0205832872984,0.0,0.05,0.01
46,4.53424669879,1.06166376779,0.47,4.5588848644,1.00299265645,0.495859676178,0.0,0.0,0.0418858185528,0.0291068730736,0.0,0.05,0.01
47,4.62340352761,1.10695239632,0.48,4.62580370631,1.03919164131,0.512758593391,0.0,0.0,0.0760821786496,0.0168989172129,0.0,0.05,0.01
48,4.71210301989,1.15313031388,0.49,4.74071359291,1.10388430217,0.518048026928,0.0,0.0,0.131868959221,0.00528943353732,0.0,0.05,0.01
49,4.80033630575,1.2001929027,0.5,4.84032012451,1.16065731966,0.529669730074,0.0,0.0,0.114650061726,0.011621703146,0.0,0.05,0.01
50,4.88809456194,1.24813545656,0.51,4.96289153839,1.23241962788,0.557794179869,0.0,0.0,0.142033729727,0.0281244497945,0.0,0.05,0.01
51,4.97536901271,1.29695318124,0.52,5.02684372644,1.27231817788,0.582873236121,0.0,0.0,0.0753775606461,0.0250790562525,0.0,0.05,0.01
52,5.06215093067,1.34664119503,0.53,5.10725990584,1.32533517903,0.589720105928,0.0,0.0,0.0963201137844,0.00684686980684,0.0,0.05,0.01
53,5.14843163773,1.39719452915,0.54,5.14799081313,1.35259027988,0.607171989041,0.0,0.0,0.0490086454706,0.0174518831127,0.0,0.05,0.01
54,5.23420250586,1.44860812831,0.55,5.24793776966,1.42202519922,0.626422791627,0.0,0.0,0.121698817349,0.0192508025862,0.0,0.05,0.01
55,5.31945495807,1.50087685121,0.56,5.30135071337,1.46067748003,0.640522812121,0.0,0.0,0.0659313382821,0.0141000204941,0.0,0.05,0.01
56,5.40418046917,1.553995471,0.57,5.39650607839,1.5316021755,0.651003490549,0.0,0.0,0.118679635656,0.0104806784285,0.0,0.05,0.01
57,5.48837056669,1.60795867587,0.58,5.51587339746,1.62253488935,0.674792684333,0.0,0.0,0.150057706597,0.0237891937839,0.0,0.05,0.01
58,5.57201683168,1.66276106955,0.59,5.59732697672,1.68770466496,0.680247999772,0.0,0.0,0.104315795677,0.00545531543867,0.0,0.05,0.01
59,5.65511089959,1.71839717184,0.6,5.71495268462,1.78287228847,0.682281094471,0.0,0.0,0.15130328392,0.002033094699,0.0,0.05,0.01
60,5.73764446108,1.77486141918,0.61,5.80478962142,1.85585951109,0.679255722844,0.0,0.0,0.115748908755,-0.00302537162681,0.0,0.05,0.01
61,5.81960926286,1.83214816519,0.62,5.84042517132,1.88463276343,0.685628121438,0.0,0.0,0.0458016644607,0.00637239859399,0.0,0.05,0.01
62,5.90099710853,1.89025168125,0.63,5.95447319896,1.97792548368,0.689686376112,0.0,0.0,0.147344780221,0.00405825467432,0.0,0.05,0.01
63,5.98179985936,1.94916615704,0.64,6.04328496425,2.05117822554,0.713006285494,0.0,0.0,0.115123819619,0.0233199093813,0.0,0.05,0.01
64,6.06200943515,2.00888570118,0.65,6.19785613699,2.18484666456,0.704067704196,0.0,0.0,0.204351410647,-0.00893858129743,0.0,0.05,0.01
65,6.141617815,2.06940434175,0.66,6.28701195428,2.26056365648,0.714639945154,0.0,0.0,0.116969323419,0.0105722409573,0.0,0.05,0.01
66,6.22061703815,2.13071602695,0.67,6.43856658488,2.39205683642,0.723416547996,0.0,0.0,0.200647109194,0.00877660284271,0.0,0.05,0.01
67,6.29899920474,2.19281462565,0.68,6.59657032299,2.531594806,0.725091551317,0.0,0.0,0.210798544144,0.00167500332103,0.0,0.05,0.01
68,6.37675647662,2.25569392805,0.69,6.66589665582,2.5930260206,0.741026593505,0.0,0.0,0.0926279361254,0.0159350421876,0.0,0.05,0.01
69,6.45388107812,2.31934764628,0.7,6.655611104,2.58361501019,0.750896864975,0.0,0.0,-0.0139412945376,0.00987027147042,0.0,0.05,0.01
70,6.53036529684,2.383769415,0.71,6.70684902047,2.63143397883,0.755505572725,0.0,0.0,0.0700855038235,0.00460870774944,0.0,0.05,0.01
71,6.60620148444,2.4489527921,0.72,6.7546081084,2.67641985349,0.750186242411,0.0,0.0,0.0656099032072,-0.00531933031322,0.0,0.05,0.01
72,6.68138205736,2.5148912593,0.73,6.84587251177,2.76147320288,0.760717359828,0.0,0.0,0.124752809856,0.0105311174166,0.0,0.05,0.01
73,6.75589949759,2.5815782228,0.74,6.92429015397,2.83611250939,0.772617834037,0.0,0.0,0.108260577699,0.0119004742088,0.0,0.05,0.01
74,6.82974635346,2.64900701396,0.75,6.95617682657,2.86719437945,0.782200392368,0.0,0.0,0.0445291200852,0.00958255833099,0.0,0.05,0.01
75,6.90291524035,2.71717088996,0.76,6.99722875435,2.90798459391,0.779087416342,0.0,0.0,0.0578714296584,-0.00311297602591,0.0,0.05,0.01
76,6.97539884143,2.78606303448,0.77,7.08384220189,2.99351169159,0.799673139576,0.0,0.0,0.121724170701,0.0205857232335,0.0,0.05,0.01
77,7.04718990839,2.85567655834,0.78,7.15741645396,3.06921705131,0.804990063248,0.0,0.0,0.105567381597,0.00531692367242,0.0,0.05,0.01
78,7.11828126219,2.92600450026,0.79,7.21495909475,3.12905978898,0.820953123168,0.0,0.0,0.0830199299036,0.0159630599201,0.0,0.05,0.01
79,7.18866579375,2.9970398275,0.8,7.29228561811,3.21209020045,0.815602380218,0.0,0.0,0.113461184747,-0.00535074294985,0.0,0.05,0.01
80,7.25833646469,3.06877543659,0.81,7.3231931986,3.2449236134,0.837953818927,7.31971907938,3.14960193803,0.0450922558497,0.0223514387087,0.1,0.05,0.01
81,7.32728630798,3.14120415403,0.82,7.37704647702,3.3047572915,0.84868487614,0.0,0.0,0.0804999666528,0.0107310572135,0.0,0.05,0.01
82,7.39550842871,3.214318737,0.83,7.47685698544,3.41807395447,0.878003876626,0.0,0.0,0.151005972388,0.0293190004859,0.0,0.05,0.01
83,7.46299600472,3.28811187411,0.84,7.57184493568,3.53251153611,0.889956053511,0.0,0.0,0.148723470856,0.0119521768849,0.0,0.05,0.01
84,7.5297422873,3.36257618611,0.85,7.64739647696,3.62577904753,0.887490103616,0.0,0.0,0.12002859691,-0.00246594989529,0.0,0.05,0.01
85,7.59574060189,3.43770422662,0.86,7.72822813162,3.72506323093,0.881596989073,0.0,0.0,0.128027752723,-0.0058931145431,0.0,0.05,0.01
86,7.66098434871,3.51348848291,0.87,7.82946317224,3.84792264129,0.900633176777,0.0,0.0,0.159194749174,0.0190361877046,0.0,0.05,0.01
87,7.72546700343,3.58992137661,0.88,7.86298088653,3.89021523241,0.888902397431,0.0,0.0,0.053963880839,-0.0117307793462,0.0,0.05,0.01
88,7.78918211785,3.6669952645,0.89,7.8882818939,3.92138183808,0.902183720252,0.0,0.0,0.0401434712351,0.0132813228211,0.0,0.05,0.01
89,7.85212332051,3.74470243926,0.9,7.97011915545,4.02497351314,0.915695217842,0.0,0.0,0.132017319011,0.0135114975899,0.0,0.05,0.01
90,7.91428431734,3.82303513022,0.91,7.965607526,4.01910117405,0.910496267827,0.0,0.0,-0.00740534717185,-0.00519895001568,0.0,0.05,0.01
91,7.97565889229,3.90198550419,0.92,8.06730428049,4.15005483267,0.915268789161,0.0,0.0,0.165804374437,0.00477252133442,0.0,0.05,0.01
92,8.03624090795,3.98154566619,0.93,8.12762651089,4.22850101335,0.950207207287,0.0,0.0,0.0989574390544,0.0349384181265,0.0,0.05,0.01
93,8.09602430618,4.06170766028,0.94,8.19950976276,4.32906533499,0.965305309825,0.0,0.0,0.123613853127,0.0150981025374,0.0,0.05,0.01
94,8.15500310868,4.14246347032,0.95,8.24652564839,4.39698495509,0.969682778822,0.0,0.0,0.0826048926913,0.00437746899758,0.0,0.05,0.01
95,8.21317141763,4.2238050208,0.96,8.29292252196,4.46464128984,0.964954504211,0.0,0.0,0.082036878949,-0.00472827461189,0.0,0.05,0.01
96,8.27052341624,4.30572417763,0.97,8.30223050719,4.47807762418,0.972536562621,0.0,0.0,0.0163454479804,0.00758205841053,0.0,0.05,0.01
97,8.32705336935,4.38821274896,0.98,8.34944327963,4.54734670337,0.98499007644,0.0,0.0,0.08382870161,0.0124535138189,0.0,0.05,0.01
98,8.38275562403,4.47126248601,0.99,8.43762495664,4.68025075436,0.99514110862,0.0,0.0,0.159497632989,0.0101510321799,0.0,0.05,0.01
99,8.43762461009,4.55486508387,1.0,8.51541964425,4.80012368431,0.997720850805,0.0,0.0,0.142903928409,0.00257974218517,0.0,0.05,0.01
100,8.49165484067,4.63901218235,1.01,8.58050655197,4.90098418268,1.00911849464,0.0,0.0,0.120038100985,0.0113976438326,0.0,0.05,0.01
101,8.54484091281,4.72369536682,1.02,8.60529686792,4.94037832907,1.03187238912,0.0,0.0,0.0465452310623,0.0227538944831,0.0,0.05,0.01
102,8.59717750794,4.80890616901,1.03,8.62863817666,4.97941271607,1.04694747616,0.0,0.0,0.0454807658534,0.0150750870373,0.0,0.05,0.01
103,8.64865939243,4.89463606793,1.04,8.66868886722,5.04874250163,1.04366961603,0.0,0.0,0.0800667033115,-0.00327786012729,0.0,0.05,0.01
104,8.69928141816,4.98087649065,1.05,8.69772457016,5.09862655693,1.07546065973,0.0,0.0,0.0577190698056,0.0317910436969,0.0,0.05,0.01
105,8.74903852295,5.06761881321,1.06,8.73861504353,5.17431301048,1.07104309542,0.0,0.0,0.0860259848119,-0.00441756431257,0.0,0.05,0.01
106,8.79792573113,5.15485436145,1.07,8.85471814102,5.38696301096,1.08333703521,0.0,0.0,0.242280729637,0.0122939397934,0.0,0.05,0.01
107,8.84593815403,5.24257441188,1.08,8.89813530205,5.46886224736,1.07961355898,0.0,0.0,0.0926959265247,-0.00372347623032,0.0,0.05,0.01
108,8.89307099045,5.33077019256,1.09,8.94056319804,5.54818030996,1.09262093536,0.0,0.0,0.0899526620644,0.0130073763844,0.0,0.05,0.01
109,8.93931952714,5.41943288401,1.1,8.98413789798,5.63225365127,1.11371337697,0.0,0.0,0.0946946735201,0.0210924416043,0.0,0.05,0.01
110,8.98467913928,5.50855362001,1.11,9.02878566518,5.72303419096,1.13307867855,0.0,0.0,0.101165851466,0.0193653015786,0.0,0.05,0.01
111,9.02914529096,5.59812348858,1.12,9.07803383937,5.82826638564,1.13930527371,0.0,0.0,0.116186046741,0.00622659516033,0.0,0.05,0.01
112,9.07271353558,5.6881335328,1.13,9.13759598929,5.95762925721,1.14807138675,0.0,0.0,0.142416299085,0.00876611304381,0.0,0.05,0.01
113,9.11537951638,5.77857475174,1.14,9.16900827431,6.02745840231,1.16043072744,0.0,0.0,0.0765691919478,0.0123593406888,0.0,0.05,0.01
114,9.15713896677,5.86943810135,1.15,9.18072935329,6.05439932779,1.16893160662,0.0,0.0,0.0293802171253,0.00850087918543,0.0,0.05,0.01
115,9.19798771086,5.96071449538,1.16,9.21296312247,6.13024473941,1.18383254668,0.0,0.0,0.0824108144577,0.0149009400531,0.0,0.05,0.01
116,9.2379216638,6.05239480625,1.17,9.24563440621,6.21041768368,1.18017190278,0.0,0.0,0.0865743251459,-0.00366064389755,0.0,0.05,0.01
117,9.27693683223,6.14446986603,1.18,9.26328049438,6.25327035374,1.19751886272,0.0,0.0,0.0463436701033,0.0173469599448,0.0,0.05,0.01
118,9.31502931467,6.23693046727,1.19,9.27828355189,6.29157878812,1.2108131779,0.0,0.0,0.0411415590236,0.0132943151771,0.0,0.05,0.01
119,9.3521953019,6.32976736399,1.2,9.31133482992,6.37939153254,1.22617851451,0.0,0.0,0.0938267822232,0.015365336606,0.0,0.05,0.01
120,9.38843107734,6.42297127259,1.21,9.34028447712,6.46004446112,1.22298935005,9.44283400368,6.38984932256,0.0856911720143,-0.00318916446166,0.1,0.05,0.01
121,9.42373301746,6.51653287274,1.22,9.37599259761,6.55853732801,1.23027992586,0.0,0.0,0.10476599972,0.00729057581774,0.0,0.05,0.01
122,9.4580975921,6.61044280838,1.23,9.40931171857,6.65257466378,1.23452730959,0.0,0.0,0.099765647097,0.00424738372365,0.0,0.05,0.01
123,9.49152136481,6.70469168857,1.24,9.44454174157,6.75336302631,1.25102517898,0.0,0.0,0.10676820005,0.016497869397,0.0,0.05,0.01
124,9.52400099325,6.79927008851,1.25,9.4812174842,6.86412055391,1.24498474469,0.0,0.0,0.116671933289,-0.00604043429279,0.0,0.05,0.01
125,9.55553322949,6.89416855045,1.26,9.48795436472,6.88406090042,1.24254989583,0.0,0.0,0.0210476359284,-0.00243484886097,0.0,0.05,0.01
126,9.58611492033,6.98937758461,1.27,9.53127572502,7.01126463306,1.25358914686,0.0,0.0,0.134378308721,0.011039251027,0.0,0.05,0.01
127,9.61574300762,7.08488767017,1.28,9.60752098524,7.24351241457,1.26561725822,0.0,0.0,0.244442982563,0.0120281113638,0.0,0.05,0.01
128,9.64441452859,7.1806892562,1.29,9.62481905521,7.29842342651,1.29651081019,0.0,0.0,0.05757119468,0.0308935519733,0.0,0.05,0.01
129,9.67212661609,7.27677276262,1.3,9.65033166755,7.38909386252,1.30739728075,0.0,0.0,0.0941914080749,0.0108864705572,0.0,0.05,0.01
130,9.69887649895,7.37312858116,1.31,9.66975318363,7.46111491302,1.31023485483,0.0,0.0,0.0745937464001,0.00283757408153,0.0,0.05,0.01
131,9.72466150221,7.46974707632,1.32,9.68392894144,7.51428274342,1.3361097293,0.0,0.0,0.0550251787741,0.0258748744627,0.0,0.05,0.01
132,9.74947904737,7.56661858633,1.33,9.70254707822,7.59215280473,1.35250552688,0.0,0.0,0.0800648578644,0.0163957975834,0.0,0.05,0.01
133,9.77332665272,7.66373342412,1.34,9.72854618283,7.70935805003,1.36643603375,0.0,0.0,0.120054250099,0.013930506873,0.0,0.05,0.01
134,9.7962019335,7.76108187829,1.35,9.75508474968,7.83740684664,1.36946585531,0.0,0.0,0.13076998831,0.00302982155283,0.0,0.05,0.01
135,9.81810260221,7.85865421408,1.36,9.7727216143,7.92382158923,1.37749850449,0.0,0.0,0.0881961832044,0.00803264918601,0.0,0.05,0.01
136,9.8390264688,7.95644067432,1.37,9.79068296789,8.0155820198,1.37928459327,0.0,0.0,0.0935018012695,0.00178608878143,0.0,0.05,0.01
137,9.85897144089,8.05443148046,1.38,9.82712441731,8.20353310612,1.39133296807,0.0,0.0,0.191451273394,0.0120483747976,0.0,0.05,0.01
138,9.87793552402,8.1526168335,1.39,9.84843601115,8.32100725996,1.40940222459,0.0,0.0,0.119391628071,0.0180692565187,0.0,0.05,0.01
139,9.89591682179,8.25098691498,1.4,9.85935582748,8.38807809957,1.41568745298,0.0,0.0,0.0679539543688,0.00628522838886,0.0,0.05,0.01
140,9.91291353608,8.34953188798,1.41,9.87794643216,8.5069705625,1.43848428747,0.0,0.0,0.120337144404,0.0227968344899,0.0,0.05,0.01
141,9.92892396724,8.44824189808,1.42,9.88119955729,8.53141368471,1.45012868224,0.0,0.0,0.0246586505445,0.0116443947739,0.0,0.05,0.01
142,9.94394651423,8.54710707436,1.43,9.89229621443,8.62292741682,1.4713737197,0.0,0.0,0.0921840493973,0.0212450374563,0.0,0.05,0.01
143,9.95797967481,8.6461175304,1.44,9.90393523212,8.73960754353,1.49897375879,0.0,0.0,0.117259194534,0.0276000390954,0.0,0.05,0.01
144,9.97102204569,8.74526336522,1.45,9.90662995917,8.77706223165,1.4938771485,0.0,0.0,0.0375515008494,-0.00509661029757,0.0,0.05,0.01
145,9.98307232262,8.84453466432,1.46,9.91185650363,8.84487669342,1.49620275875,0.0,0.0,0.0680155716887,0.00232561025062,0.0,0.05,0.01
146,9.99412930061,8.94392150066,1.47,9.9179591122,8.92653635669,1.50119949011,0.0,0.0,0.0818873765409,0.0049967313681,0.0,0.05,0.01
147,10.0041918739,9.04341393564,1.48,9.92490001751,9.02610546672,1.49694601223,0.0,0.0,0.0998107400985,-0.00425347788102,0.0,0.05,0.01
148,10.0132590364,9.14300202009,1.49,9.92799679387,9.06796235701,1.50379317294,0.0,0.0,0.0419712912403,0.00684716070286,0.0,0.05,0.01
149,10.0213298812,9.2426757953,1.5,9.93696937675,9.20167474364,1.50465266617,0.0,0.0,0.134013094818,0.000859493235818,0.0,0.05,0.01
150,10.0284036014,9.34242529396,1.51,9.94297571797,9.29234978939,1.50999330889,0.0,0.0,0.090873758897,0.00534064271995,0.0,0.05,0.01
151,10.0344794895,9.44224054121,1.52,9.94616131393,9.34467727866,1.5256960074,0.0,0.0,0.0524243660425,0.015702698509,0.0,0.05,0.01
152,10.039556938,9.5421115556,1.53,9.94952272171,9.41915853386,1.53513129555,0.0,0.0,0.0745570683304,0.00943528814718,0.0,0.05,0.01
153,10.0436354391,9.64202835013,1.54,9.95188780801,9.48544428596,1.54472819401,0.0,0.0,0.066327932013,0.00959689845815,0.0,0.05,0.01
154,10.0467145851,9.74198093319,1.55,9.95559127337,9.62748078908,1.55295881185,0.0,0.0,0.142084777066,0.00823061784051,0.0,0.05,0.01
155,10.0487940678,9.84195930961,1.56,9.95672496786,9.69103079904,1.56611915694,0.0,0.0,0.0635601213708,0.0131603450939,0.0,0.05,0.01
156,10.0498736795,9.94195348163,1.57,9.95700730867,9.7513960975,1.57173442378,0.0,0.0,0.0603659587476,0.00561526683663,0.0,0.05,0.01
157,10.0499533122,10.0419534499,1.58,9.95693686072,9.82649274153,1.59153693674,0.0,0.0,0.0750966770661,0.0198025129611,0.0,0.05,0.01
158,10.0490329579,10.1419492146,1.59,9.95643509663,9.85068162201,1.60150025957,0.0,0.0,0.0241940841128,0.00996332283366,0.0,0.05,0.01
159,10.0471127086,10.2419307761,1.6,9.9533242689,9.95196669636,1.6041695569,0.0,0.0,0.101332835427,0.00266929732978,0.0,0.05,0.01
160,10.0441927564,10.3418881364,1.61,9.95214068864,9.98741848833,1.63106624104,9.88901858756,10.3747993673,0.03547154375,0.0268966841405,0.1,0.05,0.01
161,10.0402733932,10.4418112998,1.62,9.95072547757,10.0108712692,1.62925113284,0.0,0.0,0.0234954410863,-0.0018151081988,0.0,0.05,0.01
162,10.035355011,10.5416902742,1.63,9.94116418099,10.1742522559,1.65238862252,0.0,0.0,0.163660518181,0.0231374896747,0.0,0.05,0.01
163,10.0294381016,10.6415150716,1.64,9.93258616707,10.2791514981,1.6521465306,0.0,0.0,0.105249386425,-0.000242091918962,0.0,0.05,0.01
164,10.0225232568,10.7412757098,1.65,9.92360891605,10.3892611042,1.65513284523,0.0,0.0,0.110474958174,0.00298631463242,0.0,0.05,0.01
165,10.0146111679,10.8409622126,1.66,9.91911052411,10.442473186,1.66803231487,0.0,0.0,0.0534018836617,0.0128994696374,0.0,0.05,0.01
166,10.0057026262,10.9405646116,1.67,9.9036859663,10.6006030637,1.6732361626,0.0,0.0,0.158880380248,0.00520384772735,0.0,0.05,0.01
167,9.99579852252,11.0400729466,1.68,9.8952163001,10.6829930708,1.65704045004,0.0,0.0,0.0828242024153,-0.0161957125591,0.0,0.05,0.01
168,9.9848998473,11.1394772668,1.69,9.88429829228,10.8092732672,1.66861395491,0.0,0.0,0.126751295473,0.0115735048683,0.0,0.05,0.01
169,9.97300769037,11.2387676319,1.7,9.87276489502,10.9268041156,1.66571826477,0.0,0.0,0.118095383422,-0.002895690132,0.0,0.05,0.01
170,9.96012324094,11.3379341129,1.71,9.85952251674,11.0658929565,1.68392322994,0.0,0.0,0.139717809246,0.0182049651652,0.0,0.05,0.01
171,9.94624778744,11.4369667934,1.72,9.84892140409,11.1592027745,1.71685988003,0.0,0.0,0.0939100938562,0.0329366500871,0.0,0.05,0.01
172,9.93138271742,11.53585577,1.73,9.83907087619,11.2261625027,1.72888092801,0.0,0.0,0.0676804115475,0.0120210479863,0.0,0.05,0.01
173,9.91552951735,11.6345911539,1.74,9.82799770474,11.2956238865,1.73536178895,0.0,0.0,0.0703384600295,0.00648086093404,0.0,0.05,0.01
174,9.89868977256,11.7331630718,1.75,9.80259199182,11.4486083181,1.74791379027,0.0,0.0,0.155079613692,0.0125520013191,0.0,0.05,0.01
175,9.88086516699,11.8315616665,1.76,9.78299996075,11.5580652273,1.74680031418,0.0,0.0,0.11119650459,-0.00111347608702,0.0,0.05,0.01
176,9.8620574831,11.9297770982,1.77,9.77103346362,11.6253516433,1.7606627775,0.0,0.0,0.0683422185932,0.0138624633237,0.0,0.05,0.01
177,9.84226860164,12.0277995455,1.78,9.76914741299,11.635165554,1.78026491868,0.0,0.0,0.00999349937243,0.0196021411737,0.0,0.05,0.01
178,9.82150050148,12.1256192062,1.79,9.73985100039,11.772974632,1.80076650771,0.0,0.0,0.140888685782,0.0205015890358,0.0,0.05,0.01
179,9.79975525941,12.2232262984,1.8,9.72295119378,11.845161505,1.80282862582,0.0,0.0,0.0741387084194,0.002062118112,0.0,0.05,0.01
180,9.77703504994,12.3206110615,1.81,9.69673640496,11.9561056812,1.80698601278,0.0,0.0,0.113999234213,0.00415738696012,0.0,0.05,0.01
181,9.75334214507,12.417763757,1.82,9.67300316152,12.0547140058,1.8198455085,0.0,0.0,0.101424200872,0.0128594957184,0.0,0.05,0.01
182,9.72867891408,12.5146746699,1.83,9.63441208751,12.2064506149,1.82900512808,0.0,0.0,0.156567140628,0.0091596195768,0.0,0.05,0.01
183,9.70304782325,12.6113341091,1.84,9.64138876996,12.1800342435,1.8404006673,0.0,0.0,-0.0273221297572,0.0113955392259,0.0,0.05,0.01
184,9.67645143569,12.7077324087,1.85,9.61838096592,12.2632956317,1.82770499205,0.0,0.0,0.0863818141467,-0.0126956752548,0.0,0.05,0.01
185,9.64889241101,12.803859929,1.86,9.57174790433,12.4408005797,1.84639326737,0.0,0.0,0.183528332905,0.0186882753218,0.0,0.05,0.01
186,9.62037350509,12.8997070573,1.87,9.53644249974,12.5656458955,1.84872049459,0.0,0.0,0.129741375319,0.00232722721568,0.0,0.05,0.01
187,9.59089756979,12.995264209,1.88,9.5129253368,12.6480731238,1.87262578567,0.0,0.0,0.0857164214806,0.0239052910874,0.0,0.05,0.01
188,9.56046755268,13.0905218284,1.89,9.4732511965,12.7755026143,1.89187924435,0.0,0.0,0.133462775563,0.0192534586783,0.0,0.05,0.01
189,9.52908649675,13.1854703899,1.9,9.435374901,12.8893848844,1.90017306085,0.0,0.0,0.120015770698,0.00829381649511,0.0,0.05,0.01
190,9.49675754006,13.2801003987,1.91,9.3831048001,13.0422980603,1.89765223248,0.0,0.0,0.161600132468,-0.00252082836564,0.0,0.05,0.01
191,9.46348391549,13.3744023918,1.92,9.32615598003,13.2102809175,1.92722873178,0.0,0.0,0.177373640649,0.0295764992987,0.0,0.05,0.01
192,9.42926895038,13.4683669392,1.93,9.27351241028,13.3516684709,1.9291982406,0.0,0.0,0.150870095421,0.00196950882277,0.0,0.05,0.01
193,9.39411606618,13.5619846444,1.94,9.2394533406,13.4425946285,1.93380868928,0.0,0.0,0.0970957587364,0.00461044867979,0.0,0.05,0.01
194,9.35802877817,13.6552461458,1.95,9.19663499306,13.5553201985,1.9340886882,0.0,0.0,0.12058385057,0.000279998920146,0.0,0.05,0.01
195,9.32101069503,13.7481421173,1.96,9.17479504938,13.6127685858,1.92553317352,0.0,0.0,0.0614597457244,-0.00855551468573,0.0,0.05,0.01
196,9.28306551855,13.8406632694,1.97,9.14221053583,13.7007383466,1.94700955043,0.0,0.0,0.0938106035534,0.0214763769153,0.0,0.05,0.01
197,9.24419704322,13.93280035,1.98,9.07584753218,13.8687338513,1.95358980131,0.0,0.0,0.180628175697,0.00658025088092,0.0,0.05,0.01
198,9.20440915584,14.0245441456,1.99,9.04802722616,13.937825937,1.96721659177,0.0,0.0,0.0744827881553,0.013626790452,0.0,0.05,0.01
199,9.16370583517,14.1158854817,2.0,9.01599780473,14.0143451812,1.99369770167,9.27828261864,14.0996842201,0.0829522668355,0.0264811099054,0.1,0.05,0.01
200,9.12209115152,14.2068152244,2.01,8.9949669232,14.0610745484,1.99679046046,0.0,0.0,0.0512438458171,0.00309275879143,0.0,0.05,0.01
201,9.07956926631,14.2973242807,2.02,8.94659730783,14.1676668623,2.01522684178,0.0,0.0,0.117053582116,0.0184363813139,0.0,0.05,0.01
202,9.0361444317,14.3874035999,2.03,8.92334689391,14.2164913096,2.01336813044,0.0,0.0,0.0540777994776,-0.00185871133523,0.0,0.05,0.01
203,8.99182099013,14.477044174,2.04,8.8791570307,14.3097333971,2.0220554901,0.0,0.0,0.103183481699,0.00868735965749,0.0,0.05,0.01
204,8.94660337392,14.5662370391,2.05,8.83922916904,14.3921253098,2.02909442813,0.0,0.0,0.0915568752883,0.00703893803303,0.0,0.05,0.01
205,8.90049610478,14.6549732759,2.06,8.77595826918,14.520377769,2.06496008532,0.0,0.0,0.143010139727,0.0358656571923,0.0,0.05,0.01
206,8.8535037934,14.743244011,2.07,8.70817132613,14.6462007649,2.08175218065,0.0,0.0,0.142921292855,0.0167920953251,0.0,0.05,0.01
207,8.80563113899,14.8310404173,2.08,8.63977906469,14.7681959764,2.10037125191,0.0,0.0,0.139858260612,0.0186190712602,0.0,0.05,0.01
208,8.75688292876,14.9183537153,2.09,8.58568400149,14.8606114865,2.11446170301,0.0,0.0,0.107083623203,0.0140904510965,0.0,0.05,0.01
209,8.70726403748,15.0051751736,2.1,8.53163516728,14.9500336831,2.10343614999,0.0,0.0,0.104487347226,-0.0110255530129,0.0,0.05,0.01
210,8.65677942702,15.0914961103,2.11,8.50760977998,14.9907913891,2.10163784172,0.0,0.0,0.0473118360701,-0.00179830826952,0.0,0.05,0.01
211,8.60543414579,15.1773078932,2.12,8.38443565242,15.2006109141,2.11879776586,0.0,0.0,0.243302484095,0.0171599241312,0.0,0.05,0.01
212,8.55323332828,15.2626019414,2.13,8.3693328875,15.2253549924,2.13565693782,0.0,0.0,0.0289890137702,0.0168591719661,0.0,0.05,0.01
213,8.50018219452,15.3473697254,2.14,8.30948068323,15.3197976165,2.1403679107,0.0,0.0,0.111810981592,0.00471097287784,0.0,0.05,0.01
214,8.44628604958,15.4316027686,2.15,8.28257699747,15.3618107115,2.14996436279,0.0,0.0,0.0498889612589,0.00959645208845,0.0,0.05,0.01
215,8.39155028303,15.5152926477,2.16,8.2023035483,15.4845567393,2.15608253282,0.0,0.0,0.146664290122,0.00611817003459,0.0,0.05,0.01
216,8.3359803684,15.5984309937,2.17,8.07377902675,15.6784828186,2.15047741604,0.0,0.0,0.232649687024,-0.00560511677855,0.0,0.05,0.01
217,8.27958186265,15.681009493,2.18,8.00182898548,15.7883784059,2.16404438004,0.0,0.0,0.131353905669,0.0135669639985,0.0,0.05,0.01
218,8.22236040556,15.7630198878,2.19,7.86639711084,15.9892354177,2.16963375368,0.0,0.0,0.242250555972,0.00558937363429,0.0,0.05,0.01
219,8.16432171925,15.844453977,2.2,7.79999708119,16.0865346102,2.16150630497,0.0,0.0,0.117796845456,-0.00812744870517,0.0,0.05,0.01
220,8.10547160752,15.9253036174,2.21,7.69440809005,16.2439927783,2.16832457068,0.0,0.0,0.18958404404,0.00681826571341,0.0,0.05,0.01
221,8.04581595535,16.0055607241,2.22,7.65794119512,16.2975800371,2.18310714017,0.0,0.0,0.0648184289307,0.0147825694847,0.0,0.05,0.01
222,7.98536072824,16.0852172713,2.23,7.56328263559,16.432351399,2.19942700567,0.0,0.0,0.164692327948,0.016319865504,0.0,0.05,0.01
223,7.92411197168,16.1642652935,2.24,7.5117816385,16.5031899296,2.20510715535,0.0,0.0,0.0875811059638,0.0056801496779,0.0,0.05,0.01
224,7.86207581047,16.242696886,2.25,7.41534506307,16.6342645293,2.20651971906,0.0,0.0,0.162728497042,0.00141256371072,0.0,0.05,0.01
225,7.7992584482,16.3205042057,2.26,7.43665458451,16.6053866129,2.21341501601,0.0,0.0,-0.0358891314824,0.00689529695045,0.0,0.05,0.01
226,7.73566616654,16.3976794719,2.27,7.37569391852,16.6868171016,2.22064138313,0.0,0.0,0.101720830181,0.00722636711727,0.0,0.05,0.01
227,7.67130532467,16.4742149672,2.28,7.33174583298,16.7446465781,2.21933734492,0.0,0.0,0.0726338941228,-0.00130403820499,0.0,0.05,0.01
228,7.60618235862,16.550103038,2.29,7.23223428937,16.8759447873,2.21420087078,0.0,0.0,0.164747585867,-0.00513647414052,0.0,0.05,0.01
229,7.54030378063,16.6253360956,2.3,7.15837561921,16.9744428283,2.21563649693,0.0,0.0,0.123113635428,0.00143562614244,0.0,0.05,0.01
230,7.4736761785,16.6999066168,2.31,7.15072204654,16.9846191742,2.23323384878,0.0,0.0,0.0127332317742,0.0175973518488,0.0,0.05,0.01
231,7.40630621494,16.7738071446,2.32,7.06299123201,17.0970919733,2.24812091513,0.0,0.0,0.14264230214,0.0148870663527,0.0,0.05,0.01
232,7.33820062689,16.847030289,2.33,7.04880468407,17.114731537,2.26564160233,0.0,0.0,0.0226365269057,0.0175206872064,0.0,0.05,0.01
233,7.26936622485,16.9195687278,2.34,7.0228095164,17.1459189523,2.26441228519,0.0,0.0,0.0406005371357,-0.00122931714458,0.0,0.05,0.01
234,7.1998098922,16.9914152071,2.35,6.97334211434,17.2054154818,2.27379429804,0.0,0.0,0.077374807838,0.00938201285241,0.0,0.05,0.01
235,7.12953858452,17.0625625424,2.36,6.92644233101,17.2607592752,2.28806497458,0.0,0.0,0.0725432639249,0.0142706765363,0.0,0.05,0.01
236,7.05855932889,17.133003619,2.37,6.919309497,17.2689368144,2.29144646999,0.0,0.0,0.0108512427218,0.00338149541125,0.0,0.05,0.01
237,6.98687922316,17.2027313928,2.38,6.85109597415,17.3466093958,2.29320698834,0.0,0.0,0.103373664923,0.00176051834877,0.0,0.05,0.01
238,6.91450543529,17.2717388911,2.39,6.74745283388,17.4642063557,2.30230870904,0.0,0.0,0.156751221734,0.00910172070187,0.0,0.05,0.01
239,6.8414452026,17.3400192133,2.4,6.66619657742,17.5547279664,2.32262935596,6.62157710228,17.2782107679,0.121641856296,0.0203206469204,0.1,0.05,0.01
240,6.76770583104,17.4075655314,2.41,6.61587920986,17.6085418257,2.32451566593,0.0,0.0,0.0736733936737,0.00188630997335,0.0,0.05,0.01
241,6.6932946945,17.4743710907,2.42,6.58403746677,17.642467707,2.34817363233,0.0,0.0,0.0465280778262,0.0236579663981,0.0,0.05,0.01
242,6.61821923403,17.5404292109,2.43,6.52039728874,17.7071370596,2.3624696185,0.0,0.0,0.0907314577629,0.0142959861676,0.0,0.05,0.01
243,6.54248695711,17.605733286,2.44,6.45626253944,17.7704719103,2.37705696,0.0,0.0,0.0901363932116,0.0145873414985,0.0,0.05,0.01
244,6.4661054369,17.6702767858,2.45,6.37287288469,17.8504527584,2.39313589694,0.0,0.0,0.115545534604,0.016078936937,0.0,0.05,0.01
245,6.3890823115,17.7340532561,2.46,6.31468522082,17.90449269,2.40791742568,0.0,0.0,0.0794110725451,0.0147815287445,0.0,0.05,0.01
246,6.31142528314,17.7970563191,2.47,6.31498504158,17.9042223842,2.40666396013,0.0,0.0,-0.000403680226721,-0.00125346554768,0.0,0.05,0.01
247,6.23314211748,17.8592796746,2.48,6.23389995357,17.9775097543,2.41867353754,0.0,0.0,0.109296981234,0.0120095774112,0.0,0.05,0.01
248,6.15424064276,17.9207171004,2.49,6.1795037377,18.0255005879,2.42638419549,0.0,0.0,0.0725401158937,0.007710657944,0.0,0.05,0.01
249,6.07472874906,17.9813624527,2.5,6.17129365089,18.0326320818,2.42718429176,0.0,0.0,0.0108749129348,0.000800096273408,0.0,0.05,0.01
250,5.9946143875,18.0412096671,2.51,6.09628677478,18.0976797762,2.4325457956,0.0,0.0,0.0992836039177,0.00536150384237,0.0,0.05,0.01
251,5.91390556946,18.1002527589,2.52,6.04872208412,18.1384842262,2.45268699473,0.0,0.0,0.0626689950079,0.0201411991309,0.0,0.05,0.01
252,5.83261036575,18.1584858239,2.53,5.93427135353,18.2327341717,2.4581269604,0.0,0.0,0.148263353411,0.00543996566491,0.0,0.05,0.01
253,5.75073690582,18.2159030387,2.54,5.86638812952,18.2880189165,2.47432298765,0.0,0.0,0.0875473306559,0.0161960272557,0.0,0.05,0.01
254,5.66829337696,18.2724986618,2.55,5.76625369397,18.3669067957,2.48159129015,0.0,0.0,0.127476282766,0.00726830249332,0.0,0.05,0.01
255,5.58528802343,18.3282670335,2.56,5.65091942835,18.4564185378,2.483581678,0.0,0.0,0.145994331415,0.00199038785386,0.0,0.05,0.01
256,5.50172914572,18.3832025771,2.57,5.52425649517,18.5543191979,2.48792779033,0.0,0.0,0.160087594426,0.0043461123308,0.0,0.05,0.01
257,5.41762509963,18.4372997992,2.58,5.45255743933,18.6092409191,2.49501888051,0.0,0.0,0.0903169422771,0.00709109017469,0.0,0.05,0.01
258,5.33298429551,18.4905532899,2.59,5.41311299667,18.6390140633,2.50413938684,0.0,0.0,0.0494196739899,0.00912050633207,0.0,0.05,0.01
259,5.24781519736,18.5429577241,2.6,5.32944679585,18.7009766494,2.51657453145,0.0,0.0,0.104112416346,0.0124351446136,0.0,0.05,0.01
260,5.16212632203,18.5945078613,2.61,5.2677569556,18.7454866093,2.51361042612,0.0,0.0,0.0760708414109,-0.00296410532947,0.0,0.05,0.01
261,5.07592623832,18.6451985465,2.62,5.14207394797,18.836736096,2.52456947662,0.0,0.0,0.155314800426,0.0109590504997,0.0,0.05,0.01
262,4.98922356617,18.6950247108,2.63,5.08704892698,18.8757721948,2.51373654171,0.0,0.0,0.0674653240347,-0.0108329349105,0.0,0.05,0.01
263,4.90202697579,18.7439813714,2.64,5.01642527019,18.9270334052,2.50795112898,0.0,0.0,0.087266331333,-0.00578541273059,0.0,0.05,0.01
264,4.81434518675,18.7920636329,2.65,4.92876322426,18.9914393232,2.51482021495,0.0,0.0,0.108778474768,0.00686908596833,0.0,0.05,0.01
265,4.72618696716,18.8392666871,2.66,4.92462215928,18.9944382119,2.53340013214,0.0,0.0,0.00511290059482,0.018579917191,0.0,0.05,0.01
266,4.63756113277,18.8855858136,2.67,4.88190232042,19.0241811241,2.53625685797,0.0,0.0,0.0520540628462,0.00285672582957,0.0,0.05,0.01
267,4.5484765461,18.9310163805,2.68,4.85142112282,19.045274075,2.55187326788,0.0,0.0,0.0370677216334,0.0156164099103,0.0,0.05,0.01
268,4.45894211551,18.975553845,2.69,4.75359982979,19.1107311255,2.56050035091,0.0,0.0,0.117701447842,0.00862708302811,0.0,0.05,0.01
269,4.36896679439,19.0191937532,2.7,4.64636088668,19.1811582355,2.55856540751,0.0,0.0,0.128297189177,-0.00193494340086,0.0,0.05,0.01
270,4.27855958019,19.0619317412,2.71,4.52679089654,19.2600150911,2.56153827909,0.0,0.0,0.143231931531,0.00297287158075,0.0,0.05,0.01
271,4.18772951355,19.1037635353,2.72,4.45121478209,19.3095360503,2.57877474321,0.0,0.0,0.0903552681285,0.0172364641253,0.0,0.05,0.01
272,4.09648567741,19.1446849523,2.73,4.37182573978,19.3596211703,2.60105420312,0.0,0.0,0.0938676689833,0.0222794599005,0.0,0.05,0.01
273,4.00483719608,19.1846919,2.74,4.24710914557,19.4344713039,2.60912018337,0.0,0.0,0.145453674342,0.00806598025184,0.0,0.05,0.01
274,3.91279323432,19.2237803779,2.75,4.18897320055,19.4687275086,2.62665043466,0.0,0.0,0.0674779642768,0.0175302512976,0.0,0.05,0.01
275,3.82036299646,19.2619464771,2.76,4.16074155155,19.4847028194,2.62590194573,0.0,0.0,0.0324381959821,-0.00074848893909,0.0,0.05,0.01
276,3.72755572544,19.2991863811,2.77,4.11405231237,19.5111687959,2.63222062382,0.0,0.0,0.053668733637,0.00631867809466,0.0,0.05,0.01
277,3.63438070191,19.3354963658,2.78,3.99460168359,19.5778860996,2.66411097286,0.0,0.0,0.136819776811,0.0318903490442,0.0,0.05,0.01
278,3.54084724329,19.3708728003,2.79,3.90139316277,19.6261135076,2.67697235155,0.0,0.0,0.104946230222,0.0128613786814,0.0,0.05,0.01
279,3.44696470287,19.405312147,2.8,3.83915934249,19.6573061226,2.68599632085,3.41687881267,19.5326480971,0.0696134154968,0.00902396929954,0.1,0.05,0.01
280,3.3527424688,19.4388109621,2.81,3.79951993386,19.6767284831,2.70426777825,0.0,0.0,0.0441419392852,0.0182714574054,0.0,0.05,0.01
281,3.25818996324,19.4713658955,2.82,3.70566360449,19.7206078757,2.72712647161,0.0,0.0,0.103607005811,0.0228586933592,0.0,0.05,0.01
282,3.16331664135,19.5029736919,2.83,3.68580463917,19.7293448559,2.75687284132,0.0,0.0,0.0216959288046,0.0297463697092,0.0,0.05,0.01
283,3.0681319904,19.5336311906,2.84,3.57864416198,19.77273369,2.77187077169,0.0,0.0,0.115611239934,0.0149979303667,0.0,0.05,0.01
284,2.97264552876,19.5633353257,2.85,3.57799630565,19.7729847623,2.78536858817,0.0,0.0,0.000694805824355,0.0134978164835,0.0,0.05,0.01
285,2.87686680501,19.5920831269,2.86,3.41740986621,19.8327386623,2.79986835348,0.0,0.0,0.17134331938,0.0144997653063,0.0,0.05,0.01
286,2.78080539693,19.6198717195,2.87,3.35689185742,19.8542635942,2.80620478104,0.0,0.0,0.0642320175782,0.00633642756298,0.0,0.05,0.01
287,2.68447091058,19.6466983246,2.88,3.27294360628,19.8835242652,2.82116005934,0.0,0.0,0.0889016070409,0.0149552782974,0.0,0.05,0.01
288,2.58787297934,19.6725602596,2.89,3.19300699625,19.910052794,2.82833195044,0.0,0.0,0.0842236574005,0.00717189110614,0.0,0.05,0.01
289,2.49102126292,19.6974549382,2.9,3.10700826728,19.9379100665,2.81877122758,0.0,0.0,0.0903980586752,-0.00956072286116,0.0,0.05,0.01
290,2.39392544641,19.7213798712,2.91,3.01737104366,19.9678958347,2.82482174662,0.0,0.0,0.0945197236103,0.00605051904091,0.0,0.05,0.01
291,2.2965952393,19.7443326659,2.92,2.94437272916,19.9918253767,2.82736526029,0.0,0.0,0.076820419836,0.00254351367269,0.0,0.05,0.01
292,2.19904037454,19.7663110271,2.93,2.93603535462,19.9945349819,2.8431194754,0.0,0.0,0.00876662845249,0.0157542151051,0.0,0.05,0.01
293,2.10127060754,19.787312757,2.94,2.81876892706,20.0306136537,2.85112889524,0.0,0.0,0.122691016761,0.00800941983604,0.0,0.05,0.01
294,2.00329571518,19.8073357555,2.95,2.64332207057,20.0830578618,2.86351600402,0.0,0.0,0.183117433403,0.0123871087801,0.0,0.05,0.01
295,1.90512549488,19.8263780202,2.96,2.50834124774,20.121591254,2.88292911035,0.0,0.0,0.140373234065,0.0194131063382,0.0,0.05,0.01
296,1.80676976358,19.844437647,2.97,2.42807406719,20.1428292288,2.89305603075,0.0,0.0,0.0830293432839,0.0101269203971,0.0,0.05,0.01
297,1.70823835676,19.8615128299,2.98,2.38286771544,20.1543018646,2.89111725123,0.0,0.0,0.0466394212144,-0.00193877951771,0.0,0.05,0.01
298,1.60954112749,19.8776018614,2.99,2.30320381968,20.1746837434,2.88209125236,0.0,0.0,0.0822299049603,-0.00902599887164,0.0,0.05,0.01
299,1.51068794541,19.8927031326,3.0,2.24870493439,20.1891525287,2.89443313891,0.0,0.0,0.0563868268792,0.0123418865512,0.0,0.05,0.01
300,1.41168869575,19.9068151334,3.01,2.25447651857,20.1876962517,2.89999151672,0.0,0.0,-0.00595247231274,0.0055583778068,0.0,0.05,0.01
301,1.31255327835,19.9199364526,3.02,2.1833117308,20.2052322796,2.90617890088,0.0,0.0,0.0732935146819,0.00618738416508,0.0,0.05,0.01
302,1.21329160668,19.9320657781,3.03,2.08400126284,20.2290530094,2.91676858796,0.0,0.0,0.102127352905,0.0105896870751,0.0,0.05,0.01
303,1.11391360682,19.943201897,3.04,2.04181859961,20.2386997722,2.9242179173,0.0,0.0,0.0432716663797,0.00744932934208,0.0,0.05,0.01
304,1.01442921649,19.9533436956,3.05,1.93984081231,20.2612230443,2.93738799151,0.0,0.0,0.104435467572,0.0131700742061,0.0,0.05,0.01
305,0.914848384031,19.9624901599,3.06,1.83401882955,20.2831378491,2.94205326022,0.0,0.0,0.108067343388,0.00466526870746,0.0,0.05,0.01
306,0.81518106746,19.970640375,3.07,1.69574907014,20.3111002182,2.97198725283,0.0,0.0,0.141068850032,0.0299339926175,0.0,0.05,0.01
307,0.715437233419,19.9777935262,3.08,1.54683889211,20.3366011789,2.97595110369,0.0,0.0,0.151077927318,0.00396385086178,0.0,0.05,0.01
308,0.615626856209,19.9839488979,3.09,1.34338269088,20.3706136177,3.01132612395,0.0,0.0,0.206279596208,0.0353750202573,0.0,0.05,0.01
309,0.515759916786,19.9891058747,3.1,1.17173658247,20.393100702,3.00818672391,0.0,0.0,0.173112840334,-0.0031394000431,0.0,0.05,0.01
310,0.415846401758,19.993263941,3.11,1.01217815112,20.4145139252,3.03650372022,0.0,0.0,0.160988878946,0.028316996307,0.0,0.05,0.01
311,0.315896302396,19.9964226808,3.12,0.884690506163,20.4279610041,3.04803115071,0.0,0.0,0.128194865524,0.0115274304898,0.0,0.05,0.01
312,0.215919613624,19.9985817784,3.13,0.742326365374,20.4413198097,3.07095253982,0.0,0.0,0.142989532032,0.0229213891094,0.0,0.05,0.01
313,0.11592633303,19.9997410178,3.14,0.681886403875,20.4455964113,3.07629438722,0.0,0.0,0.0605910741523,0.00534184740697,0.0,0.05,0.01
314,0.0159264598572,19.9999002831,3.15,0.521426952187,20.4560890526,3.09602804088,0.0,0.0,0.160802149109,0.0197336536586,0.0,0.05,0.01
315,-0.0840700059899,19.9990595583,3.16,0.510772204803,20.4565748683,3.1165917754,0.0,0.0,0.0106658173007,0.0205637345153,0.0,0.05,0.01
316,-0.184053064948,19.9972189277,3.17,0.370206037023,20.4600898783,3.11681720516,0.0,0.0,0.140610109238,0.000225429765453,0.0,0.05,0.01
317,-0.284012718795,19.9943785751,3.18,0.324855731125,20.4612136824,3.12971772241,0.0,0.0,0.0453642279856,0.0129005172517,0.0,0.05,0.01
318,-0.383938971648,19.9905387846,3.19,0.292578583551,20.4615969893,3.13607323642,0.0,0.0,0.0322794234727,0.00635551400348,0.0,0.05,0.01
319,-0.483821830966,19.9856999403,3.2,0.188141924314,20.4621734247,3.14507870884,-0.444241058252,20.1208575095,0.104438250034,0.00900547242275,0.1,0.05,0.01
320,-0.583651308545,19.9798625259,3.21,0.0725790860026,20.4617705646,3.14907732194,0.0,0.0,0.115563540508,0.00399861310083,0.0,0.05,0.01
321,-0.683417421522,19.9730271253,3.22,-0.029227384275,20.4610085627,3.16382632592,0.0,0.0,0.101809321957,0.0147490039773,0.0,0.05,0.01
322,-0.783110193368,19.965194422,3.23,-0.0902003641583,20.459652686,3.17953532106,0.0,0.0,0.0609880535632,0.0157089951433,0.0,0.05,0.01
323,-0.882719654888,19.9563651992,3.24,-0.158560568903,20.4570576721,3.1791772558,0.0,0.0,0.0684094415269,-0.000358065261588,0.0,0.05,0.01
324,-0.982235845221,19.9465403398,3.25,-0.260966213858,20.4532069833,3.18564672883,0.0,0.0,0.102478016777,0.00646947302655,0.0,0.05,0.01
325,-1.08164881283,19.9357208263,3.26,-0.411109364081,20.4465882834,3.20092168621,0.0,0.0,0.15028896416,0.015274957385,0.0,0.05,0.01
326,-1.1809486165,19.9239077407,3.27,-0.583947383065,20.4363219224,3.19942077203,0.0,0.0,0.173142654978,-0.00150091418399,0.0,0.05,0.01
327,-1.28012532633,19.9111022643,3.28,-0.649955192927,20.4325005544,3.1969378747,0.0,0.0,0.0661183319265,-0.00248289732907,0.0,0.05,0.01
328,-1.37916902474,19.8973056776,3.29,-0.73865551101,20.4275863971,3.20180017407,0.0,0.0,0.0888363403645,0.00486229937216,0.0,0.05,0.01
329,-1.47806980744,19.8825193602,3.3,-0.847353918168,20.4210340163,3.2176899176,0.0,0.0,0.108895718067,0.0158897435269,0.0,0.05,0.01
330,-1.57681778443,19.8667447908,3.31,-0.93817516806,20.4141093962,3.20591001981,0.0,0.0,0.0910848494322,-0.0117798977866,0.0,0.05,0.01
331,-1.675403081,19.8499835468,3.32,-0.995771178287,20.410399856,3.2026241058,0.0,0.0,0.0577153452955,-0.0032859140106,0.0,0.05,0.01
332,-1.7738158387,19.8322373043,3.33,-1.056779726,20.4066717857,3.20222345366,0.0,0.0,0.0611223478143,-0.000400652135393,0.0,0.05,0.01
333,-1.87204621633,19.8135078379,3.34,-1.23636397745,20.395770087,3.21336504231,0.0,0.0,0.179914842084,0.0111415886472,0.0,0.05,0.01
334,-1.97008439095,19.7937970207,3.35,-1.37887847291,20.3855238816,3.23438823935,0.0,0.0,0.142882350707,0.0210231970401,0.0,0.05,0.01
335,-2.0679205588,19.7731068235,3.36,-1.44485216316,20.3793841812,3.22985870473,0.0,0.0,0.0662587633843,-0.00452953461876,0.0,0.05,0.01
336,-2.16554493637,19.7514393154,3.37,-1.49906639811,20.3745864387,3.25676203051,0.0,0.0,0.0544261114157,0.0269033257767,0.0,0.05,0.01
337,-2.26294776129,19.7287966633,3.38,-1.56965481079,20.3664206797,3.26758930837,0.0,0.0,0.0710591558136,0.0108272778557,0.0,0.05,0.01
338,-2.36011929336,19.7051811312,3.39,-1.65644828339,20.3554267541,3.28456047419,0.0,0.0,0.0874869892414,0.0169711658287,0.0,0.05,0.01
339,-2.45704981551,19.6805950808,3.4,-1.79767868709,20.3350966475,3.29893630205,0.0,0.0,0.14268615967,0.0143758278582,0.0,0.05,0.01
340,-2.55372963477,19.6550409706,3.41,-1.85435841026,20.3261041209,3.29034524591,0.0,0.0,0.0573886448153,-0.00859105613859,0.0,0.05,0.01
341,-2.65014908323,19.628521356,3.42,-1.96114766238,20.3101007309,3.29552205772,0.0,0.0,0.107981724658,0.00517681180201,0.0,0.05,0.01
342,-2.74629851904,19.601038889,3.43,-1.9894479853,20.3057097437,3.29639628372,0.0,0.0,0.028638942817,0.000874226002292,0.0,0.05,0.01
343,-2.84216832732,19.5725963177,3.44,-2.01326713277,20.3019927139,3.31493483346,0.0,0.0,0.0241074282557,0.0185385497392,0.0,0.05,0.01
344,-2.93774892119,19.5431964865,3.45,-2.14189209612,20.2794705508,3.32174240872,0.0,0.0,0.130581886282,0.0068075752675,0.0,0.05,0.01
345,-3.03303074265,19.5128423352,3.46,-2.11708958654,20.2839876892,3.32654545619,0.0,0.0,-0.0252104942584,0.00480304746602,0.0,0.05,0.01
346,-3.1280042636,19.4815368993,3.47,-2.28831341411,20.2519532537,3.34075771038,0.0,0.0,0.174194730669,0.0142122541857,0.0,0.05,0.01
347,-3.22265998678,19.4492833092,3.48,-2.54280481611,20.2005864723,3.35608432872,0.0,0.0,0.259623612012,0.0153266183412,0.0,0.05,0.01
348,-3.31698844668,19.4160847904,3.49,-2.65783317211,20.1755283839,3.35362874691,0.0,0.0,0.117726082398,-0.00245558180894,0.0,0.05,0.01
349,-3.41098021055,19.3819446626,3.5,-2.86482177159,20.1309695416,3.35828888807,0.0,0.0,0.211730419974,0.00466014116376,0.0,0.05,0.01
350,-3.50462587928,19.3468663399,3.51,-3.04070984579,20.0922472549,3.3925297288,0.0,0.0,0.180100055909,0.0342408407286,0.0,0.05,0.01
351,-3.59791608838,19.3108533299,3.52,-3.13120502152,20.0690496914,3.39433092483,0.0,0.0,0.0934211099261,0.00180119602918,0.0,0.05,0.01
352,-3.69084150891,19.2739092341,3.53,-3.27952727688,20.0307438709,3.39581857713,0.0,0.0,0.153188861611,0.00148765229589,0.0,0.05,0.01
353,-3.78339284841,19.2360377467,3.54,-3.39983948518,19.9994809526,3.42258140464,0.0,0.0,0.124307672825,0.0267628275093,0.0,0.05,0.01
354,-3.87556085183,19.1972426549,3.55,-3.46974458029,19.9793045849,3.43297693051,0.0,0.0,0.0727585605987,0.0103955258742,0.0,0.05,0.01
355,-3.96733630242,19.1575278382,3.56,-3.56453878343,19.9508738167,3.43594139867,0.0,0.0,0.0989659008356,0.00296446816137,0.0,0.05,0.01
356,-4.05871002274,19.1168972679,3.57,-3.62351722166,19.9329942099,3.46122296499,0.0,0.0,0.0616290233141,0.0252815663174,0.0,0.05,0.01
357,-4.14967287547,19.0753550073,3.58,-3.69228729352,19.9102327487,3.46294131588,0.0,0.0,0.0724389874167,0.00171835088841,0.0,0.05,0.01
358,-4.24021576442,19.0329052103,3.59,-3.71539082163,19.9025418881,3.47595996125,0.0,0.0,0.0243499968861,0.013018645373,0.0,0.05,0.01
359,-4.33032963537,18.989552122,3.6,-3.8751328784,19.8470455961,3.48855600276,-4.33159664576,18.9429463366,0.169107549007,0.0125960415087,0.1,0.05,0.01
360,-4.420005477,18.9453000777,3.61,-4.02730133123,19.7920228496,3.50453506385,0.0,0.0,0.161810817528,0.0159790610953,0.0,0.05,0.01
361,-4.50923432181,18.9001535025,3.62,-4.04661368252,19.7846886776,3.50984914605,0.0,0.0,0.0206580974612,0.00531408219923,0.0,0.05,0.01
362,-4.59800724699,18.854116911,3.63,-4.05610078618,19.7810279959,3.5190776424,0.0,0.0,0.0101688606069,0.00922849634688,0.0,0.05,0.01
363,-4.68631537532,18.8071949069,3.64,-4.14054966845,19.747544064,3.52040101154,0.0,0.0,0.090844853548,0.00132336914355,0.0,0.05,0.01
364,-4.77414987605,18.7593921823,3.65,-4.20431037945,19.7221652841,3.53709663088,0.0,0.0,0.0686258751254,0.0166956193406,0.0,0.05,0.01
365,-4.86150196582,18.7107135174,3.66,-4.24170169797,19.7065542765,3.53687336628,0.0,0.0,0.0405193072384,-0.00022326460593,0.0,0.05,0.01
366,-4.94836290948,18.6611637801,3.67,-4.31216456644,19.6771542523,3.54800920219,0.0,0.0,0.0763503585718,0.0111358359133,0.0,0.05,0.01
367,-5.03472402102,18.6107479253,3.68,-4.33903435316,19.6655901025,3.56098526556,0.0,0.0,0.0292526066929,0.0129760633715,0.0,0.05,0.01
368,-5.1205766644,18.5594709946,3.69,-4.35315173563,19.6592959491,3.55198793527,0.0,0.0,0.0154569355205,-0.00899733028929,0.0,0.05,0.01
369,-5.20591225441,18.5073381156,3.7,-4.41950783515,19.630424328,3.55473555791,0.0,0.0,0.0723650636998,0.00274762263792,0.0,0.05,0.01
370,-5.29072225759,18.4543545015,3.71,-4.56515638957,19.566575943,3.5759518653,0.0,0.0,0.159028669367,0.0212163073876,0.0,0.05,0.01
371,-5.37499819298,18.4005254506,3.72,-4.72885898558,19.490633044,3.58513480189,0.0,0.0,0.180460144732,0.0091829365895,0.0,0.05,0.01
372,-5.45873163308,18.3458563459,3.73,-4.8527763326,19.4317580558,3.59345562847,0.0,0.0,0.137192467489,0.00832082657959,0.0,0.05,0.01
373,-5.5419142046,18.2903526542,3.74,-4.91546149098,19.4013335118,3.59724692253,0.0,0.0,0.0696784181596,0.00379129405951,0.0,0.05,0.01
374,-5.62453758937,18.2340199258,3.75,-4.89508016551,19.4113213373,3.62061823882,0.0,0.0,-0.0226970281339,0.0233713162882,0.0,0.05,0.01
375,-5.7065935251,18.1768637939,3.76,-4.9157205092,19.400601301,3.63736756406,0.0,0.0,0.0232581806275,0.0167493252428,0.0,0.05,0.01
376,-5.78807380628,18.1188899742,3.77,-5.05757446632,19.3238825617,3.65877525116,0.0,0.0,0.161270921441,0.0214076871017,0.0,0.05,0.01
377,-5.86897028494,18.0601042638,3.78,-5.10667900672,19.2959505821,3.66496425092,0.0,0.0,0.0564929320887,0.00618899975767,0.0,0.05,0.01
378,-5.94927487151,18.0005125414,3.79,-5.20401783033,19.2397814665,3.67706784512,0.0,0.0,0.112382454682,0.0121035942019,0.0,0.05,0.01
379,-6.02897953559,17.9401207661,3.8,-5.32311296236,19.1691228517,3.68744006669,0.0,0.0,0.138478483237,0.010372221574,0.0,0.05,0.01
380,-6.10807630678,17.878934977,3.81,-5.33491681391,19.1619531197,3.69715796217,0.0,0.0,0.0138107193749,0.0097178954765,0.0,0.05,0.01
381,-6.18655727547,17.8169612927,3.82,-5.45622438984,19.0866467343,3.70466463101,0.0,0.0,0.142781580211,0.0075066688418,0.0,0.05,0.01
382,-6.26441459363,17.7542059104,3.83,-5.62825812437,18.9780526289,3.71698706718,0.0,0.0,0.203441110793,0.0123224361654,0.0,0.05,0.01
383,-6.3416404756,17.6906751056,3.84,-5.72465144285,18.915531374,3.74901024477,0.0,0.0,0.114893773376,0.0320231775903,0.0,0.05,0.01
384,-6.41822719884,17.6263752314,3.85,-5.71538769271,18.921970439,3.76029818912,0.0,0.0,-0.011281782885,0.0112879443546,0.0,0.05,0.01
385,-6.49416710476,17.5613127177,3.86,-5.85709041035,18.8210842538,3.78911103444,0.0,0.0,0.173947355681,0.0288128453124,0.0,0.05,0.01
386,-6.56945259941,17.4954940707,3.87,-5.92492919879,18.7697780501,3.79415198011,0.0,0.0,0.0850554393175,0.00504094567562,0.0,0.05,0.01
387,-6.64407615433,17.4289258722,3.88,-6.02146760623,18.6959985076,3.80486016384,0.0,0.0,0.121503436175,0.0107081837325,0.0,0.05,0.01
388,-6.7180303072,17.3616147789,3.89,-6.0204952611,18.6967582533,3.83417200613,0.0,0.0,-0.00123396456485,0.029311842285,0.0,0.05,0.01
389,-6.79130766269,17.293567522,3.9,-6.08371003319,18.6443101124,3.85186610652,0.0,0.0,0.0821396061317,0.0176941003884,0.0,0.05,0.01
390,-6.86390089311,17.2247909061,3.91,-6.11807484163,18.6147562309,3.85714217591,0.0,0.0,0.0453251802894,0.00527606939483,0.0,0.05,0.01
391,-6.9358027392,17.1552918088,3.92,-6.26652780203,18.4857172859,3.84604041222,0.0,0.0,0.196696036539,-0.0111017636916,0.0,0.05,0.01
392,-7.00700601084,17.0850771799,3.93,-6.37358025626,18.3947312381,3.84494194651,0.0,0.0,0.140494444185,-0.00109846570756,0.0,0.05,0.01
393,-7.07750358776,17.0141540409,3.94,-6.45900624392,18.3222874337,3.86910836903,0.0,0.0,0.112007607589,0.0241664225193,0.0,0.05,0.01
394,-7.14728842026,16.942529484,3.95,-6.5369789406,18.252856369,3.90091650929,0.0,0.0,0.104405048643,0.031808140255,0.0,0.05,0.01
395,-7.21635352992,16.8702106716,3.96,-6.5975378022,18.1953759964,3.91947062459,0.0,0.0,0.0834947240919,0.0185541153053,0.0,0.05,0.01
396,-7.28469201027,16.7972048355,3.97,-6.63666549581,18.1568324167,3.94076176449,0.0,0.0,0.0549234370954,0.0212911398939,0.0,0.05,0.01
397,-7.35229702754,16.7235192763,3.98,-6.68350376801,18.1086860331,3.951588759,0.0,0.0,0.0671706632187,0.0108269945154,0.0,0.05,0.01
398,-7.41916182128,16.6491613624,3.99,-6.7400003036,18.0493394196,3.93938790033,0.0,0.0,0.081938263751,-0.0122008586668,0.0,0.05,0.01
399,-7.48527970506,16.5741385295,4.0,-6.79499154038,17.9929675342,3.9519941418,-7.49322096056,16.444681506,0.07875167038,0.0126062414646,0.1,0.05,0.01
400,-7.55064406714,16.49845828,4.01,-6.93177878741,17.8491630998,3.96950844771,0.0,0.0,0.198470315888,0.0175143059156,0.0,0.05,0.01
401,-7.61524837116,16.4221281817,4.02,-7.04735422903,17.7233167874,3.97994279625,0.0,0.0,0.170865376986,0.0104343485332,0.0,0.05,0.01
402,-7.67908615672,16.3451558677,4.03,-7.09696216532,17.6681559461,3.99449086154,0.0,0.0,0.0741866953178,0.0145480652941,0.0,0.05,0.01
403,-7.74215104011,16.2675490349,4.04,-7.15790156578,17.5983798166,4.01947555201,0.0,0.0,0.0926408050802,0.024984690468,0.0,0.05,0.01
404,-7.80443671489,16.1893154442,4.05,-7.26253805521,17.4723490989,4.0209834577,0.0,0.0,0.163806400168,0.00150790568678,0.0,0.05,0.01
405,-7.86593695254,16.1104629188,4.06,-7.39378742211,17.3137782598,4.0333439522,0.0,0.0,0.205842433228,0.0123604944986,0.0,0.05,0.01
406,-7.92664560309,16.0309993438,4.07,-7.44029529095,17.2561536275,4.03385111648,0.0,0.0,0.0740511992742,0.000507164289283,0.0,0.05,0.01
407,-7.98655659574,15.9509326656,4.08,-7.44246398049,17.2534637665,4.05555973679,0.0,0.0,0.00345522306355,0.0217086203053,0.0,0.05,0.01
408,-8.04566393941,15.8702708907,4.09,-7.46188813825,17.2282715069,4.0759031164,0.0,0.0,0.0318111277446,0.0203433796074,0.0,0.05,0.01
409,-8.10396172344,15.7890220853,4.1,-7.46968937413,17.2177164001,4.0764543314,0.0,0.0,0.0131251499545,0.000551215000494,0.0,0.05,0.01
410,-8.1614441181,15.7071943742,4.11,-7.54944973367,17.1096757377,4.08471465407,0.0,0.0,0.134292589812,0.00826032267362,0.0,0.05,0.01
411,-8.21810537518,15.6247959401,4.12,-7.61459493235,17.0198894863,4.10302597576,0.0,0.0,0.110930013305,0.0183113216837,0.0,0.05,0.01
412,-8.27393982862,15.5418350227,4.13,-7.64459126197,16.9769130242,4.10022640857,0.0,0.0,0.0524095038148,-0.00279956718856,0.0,0.05,0.01
413,-8.32894189501,15.4583199182,4.14,-7.71755839746,16.8729923605,4.12392593391,0.0,0.0,0.126979160471,0.0236995253463,0.0,0.05,0.01
414,-8.38310607419,15.3742589778,4.15,-7.80305322602,16.7448779672,4.11766074384,0.0,0.0,0.154021633159,-0.00626519006863,0.0,0.05,0.01
415,-8.4364269498,15.2896606077,4.16,-7.85860277153,16.6627557587,4.12001908571,0.0,0.0,0.0991453939366,0.00235834186751,0.0,0.05,0.01
416,-8.48889918978,15.2045332676,4.17,-7.8767648246,16.6357687896,4.14709748132,0.0,0.0,0.0325293201899,0.027078395605,0.0,0.05,0.01
417,-8.54051754696,15.1188854702,4.18,-7.93411746662,16.5453564862,4.17374049383,0.0,0.0,0.107068716995,0.026643012517,0.0,0.05,0.01
418,-8.59127685954,15.0327257802,4.19,-7.95800705245,16.5053802033,4.18108028579,0.0,0.0,0.0465705433387,0.00733979195664,0.0,0.05,0.01
419,-8.64117205163,14.9460628134,4.2,-8.00084029591,16.4324944305,4.19451828516,0.0,0.0,0.0845400651217,0.0134379993656,0.0,0.05,0.01
420,-8.69019813377,14.8589052362,4.21,-8.02756343481,16.3855901646,4.22342302974,0.0,0.0,0.0539827408772,0.0289047445861,0.0,0.05,0.01
421,-8.73835020337,14.7712617641,4.22,-8.12548674235,16.2015447751,4.23836571753,0.0,0.0,0.208474649676,0.0149426877921,0.0,0.05,0.01
422,-8.78562344528,14.6831411615,4.23,-8.18230002117,16.0908057751,4.24955202798,0.0,0.0,0.124462342832,0.0111863104465,0.0,0.05,0.01
423,-8.83201313221,14.5945522404,4.24,-8.23309091394,15.9890177853,4.25748627078,0.0,0.0,0.113756360909,0.00793424279545,0.0,0.05,0.01
424,-8.87751462522,14.5055038596,4.25,-8.30373661525,15.8445823666,4.26495544228,0.0,0.0,0.160786831863,0.00746917150677,0.0,0.05,0.01
425,-8.92212337421,14.4160049237,4.26,-8.30151292271,15.849216086,4.26834067876,0.0,0.0,-0.00513966578189,0.00338523648212,0.0,0.05,0.01
426,-8.96583491834,14.3260643828,4.27,-8.30468051007,15.8425577915,4.27208475395,0.0,0.0,0.00737336394102,0.00374407518098,0.0,0.05,0.01
427,-9.00864488649,14.2356912306,4.28,-8.36360967294,15.7174832219,4.27680170785,0.0,0.0,0.138261687353,0.00471695390153,0.0,0.05,0.01
428,-9.05054899771,14.1448945046,4.29,-8.41735701,15.6019971244,4.28086079567,0.0,0.0,0.127380591014,0.00405908782419,0.0,0.05,0.01
429,-9.0915430616,14.0536832842,4.3,-8.42854128579,15.5777084002,4.30583308677,0.0,0.0,0.0267400475698,0.0249722910988,0.0,0.05,0.01
430,-9.13162297881,13.9620666905,4.31,-8.48518012197,15.4461561759,4.31124076348,0.0,0.0,0.143226902171,0.00540767670814,0.0,0.05,0.01
431,-9.17078474137,13.8700538851,4.32,-8.51163030255,15.3837953452,4.34142771689,0.0,0.0,0.0677383588093,0.0301869534116,0.0,0.05,0.01
432,-9.20902443314,13.7776540693,4.33,-8.56218595373,15.2538220236,4.34171592532,0.0,0.0,0.139459449946,0.000288208427171,0.0,0.05,0.01
433,-9.24633823019,13.6848764828,4.34,-8.60514858955,15.1432752627,4.35755146631,0.0,0.0,0.118601747155,0.0158355409878,0.0,0.05,0.01
434,-9.28272240115,13.5917304034,4.35,-8.63958295105,15.0503401147,4.36221564559,0.0,0.0,0.0991093688122,0.00466417928667,0.0,0.05,0.01
435,-9.31817330766,13.4982251457,4.36,-8.69614071296,14.8954827761,4.36657923993,0.0,0.0,0.164862293281,0.00436359434284,0.0,0.05,0.01
436,-9.35268740464,13.40437006,4.37,-8.74064931512,14.7719462992,4.37674266614,0.0,0.0,0.131309850393,0.0101634262014,0.0,0.05,0.01
437,-9.38626124072,13.3101745318,4.38,-8.77729826188,14.6668886079,4.39189096022,0.0,0.0,0.111266633805,0.0151482940838,0.0,0.05,0.01
438,-9.41889145853,13.2156479806,4.39,-8.83098945884,14.5051399795,4.3964136382,0.0,0.0,0.170427003162,0.00452267797866,0.0,0.05,0.01
439,-9.45057479509,13.1207998589,4.4,-8.88732645967,14.3328179939,4.40896019153,-9.46000379951,13.0531830974,0.181297336907,0.0125465533287,0.1,0.05,0.01
440,-9.48130808209,13.0256396515,4.41,-8.91345006939,14.2493818764,4.41816883527,0.0,0.0,0.0874301360705,0.00920864373984,0.0,0.05,0.01
441,-9.51108824622,12.9301768743,4.42,-8.9310621725,14.1912589163,4.43874544034,0.0,0.0,0.0607327314211,0.0205766050685,0.0,0.05,0.01
442,-9.5399123095,12.8344210736,4.43,-8.96152064302,14.0827440337,4.4414404455,0.0,0.0,0.112708465374,0.0026950051642,0.0,0.05,0.01
443,-9.56777738953,12.7383818248,4.44,-9.00638609906,13.9212294471,4.4447172947,0.0,0.0,0.16763016095,0.0032768491975,0.0,0.05,0.01
444,-9.59468069984,12.6420687317,4.45,-9.00603922034,13.9224942595,4.44939422406,0.0,0.0,-0.00131151640602,0.00467692936049,0.0,0.05,0.01
445,-9.62061955012,12.5454914256,4.46,-9.03032661509,13.832283945,4.47247937749,0.0,0.0,0.0934225796084,0.0230851534285,0.0,0.05,0.01
446,-9.64559134651,12.4486595642,4.47,-9.06195166402,13.7030020656,4.48547116762,0.0,0.0,0.13309375662,0.0129917901348,0.0,0.05,0.01
447,-9.66959359183,12.3515828306,4.48,-9.07828842867,13.6322478371,4.49114726286,0.0,0.0,0.0726157747074,0.00567609523613,0.0,0.05,0.01
448,-9.6926238859,12.2542709322,4.49,-9.10154515308,13.5288495056,4.48540537611,0.0,0.0,0.105981555879,-0.00574188674998,0.0,0.05,0.01
449,-9.7146799257,12.1567336004,4.5,-9.12046548006,13.4469305029,4.49797027449,0.0,0.0,0.0840755718394,0.0125648983838,0.0,0.05,0.01
450,-9.73575950564,12.0589805886,4.51,-9.15436695712,13.2912522329,4.52113478464,0.0,0.0,0.159326814757,0.0231645101454,0.0,0.05,0.01
451,-9.75586051779,11.9610216722,4.52,-9.16797644079,13.2209628418,4.52106405664,0.0,0.0,0.071594808043,-7.0727995255e-05,0.0,0.05,0.01
452,-9.77498095206,11.8628666469,4.53,-9.17531986444,13.1830503654,4.53127692892,0.0,0.0,0.0386171171957,0.0102128722821,0.0,0.05,0.01
453,-9.79311889642,11.7645253281,4.54,-9.22606078605,12.9059572059,4.55682392946,0.0,0.0,0.281700656951,0.0255470005372,0.0,0.05,0.01
454,-9.81027253709,11.6660075499,4.55,-9.24656207363,12.7752360725,4.56489469046,0.0,0.0,0.132318999069,0.00807076100126,0.0,0.05,0.01
455,-9.82644015873,11.5673231641,4.56,-9.26271209617,12.6665353214,4.60359122554,0.0,0.0,0.109893933019,0.0386965350791,0.0,0.05,0.01
456,-9.84162014457,11.4684820389,4.57,-9.27385196662,12.5645490102,4.61262953874,0.0,0.0,0.102592906206,0.00903831320014,0.0,0.05,0.01
457,-9.85581097665,11.3694940584,4.58,-9.28812222483,12.4219771634,4.62956049353,0.0,0.0,0.143284234117,0.0169309547866,0.0,0.05,0.01
458,-9.86901123589,11.2703691213,4.59,-9.29520401496,12.3366733268,4.633020425,0.0,0.0,0.0855972913998,0.00345993147157,0.0,0.05,0.01
459,-9.88121960227,11.17111714,4.6,-9.3065102622,12.1945200966,4.65052435007,0.0,0.0,0.142602146104,0.0175039250674,0.0,0.05,0.01
460,-9.89243485496,11.0717480396,4.61,-9.31094527655,12.1229225628,4.66712396531,0.0,0.0,0.0717347628882,0.016599615246,0.0,0.05,0.01
461,-9.90265587245,10.972271757,4.62,-9.31646472865,12.0010694731,4.67646493823,0.0,0.0,0.121978030082,0.00934097292188,0.0,0.05,0.01
462,-9.91188163265,10.8726982397,4.63,-9.32020482109,11.8970031382,4.69089306224,0.0,0.0,0.104133521699,0.0144281240056,0.0,0.05,0.01
463,-9.92011121299,10.773037445,4.64,-9.32378421746,11.730513621,4.71129794457,0.0,0.0,0.166527989939,0.0204048823325,0.0,0.05,0.01
464,-9.92734379052,10.6732993388,4.65,-9.32384594384,11.6739377041,4.69961054611,0.0,0.0,0.0565759505555,-0.011687398459,0.0,0.05,0.01
465,-9.93357864198,10.5734938949,4.66,-9.3253176096,11.558776047,4.72667518077,0.0,0.0,0.115171060019,0.0270646346609,0.0,0.05,0.01
466,-9.93881514389,10.4736310938,4.67,-9.3238139729,11.4535322194,4.72198499266,0.0,0.0,0.105254568446,-0.00469018811627,0.0,0.05,0.01
467,-9.94305277262,10.3737209217,4.68,-9.32292400951,11.3607920224,4.74515954176,0.0,0.0,0.0927444670293,0.0231745490999,0.0,0.05,0.01
468,-9.9462911044,10.2737733694,4.69,-9.32068303118,11.2924326175,4.75389776498,0.0,0.0,0.0683961272129,0.0087382232204,0.0,0.05,0.01
469,-9.94852981539,10.1737984316,4.7,-9.31938154555,11.2610961649,4.7627269948,0.0,0.0,0.0313634680319,0.00882922982163,0.0,0.05,0.01
470,-9.94976868174,10.0738061059,4.71,-9.31475448558,11.1692540219,4.77000127498,0.0,0.0,0.0919586261467,0.00727428017874,0.0,0.05,0.01
471,-9.95000757955,9.97380639125,4.72,-9.30613716011,11.0198451278,4.76412795852,0.0,0.0,0.149657194701,-0.00587331645813,0.0,0.05,0.01
472,-9.94924648494,9.87380928762,4.73,-9.30732818686,11.0428444959,4.76230665617,0.0,0.0,-0.0230301862233,-0.00182130235551,0.0,0.05,0.01
473,-9.94748547401,9.77382479462,4.74,-9.30376746224,10.9715718141,4.7809484117,0.0,0.0,0.0713615718676,0.0186417555371,0.0,0.05,0.01
474,-9.94472472286,9.67386291062,4.75,-9.30579063093,11.0010352703,4.80233430593,0.0,0.0,-0.029532837059,0.0213858942246,0.0,0.05,0.01
475,-9.94096450757,9.57393363172,4.76,-9.29982252864,10.9348617447,4.79285845329,0.0,0.0,0.0664421081029,-0.00947585263988,0.0,0.05,0.01
476,-9.93620520416,9.47404695077,4.77,-9.29589550908,10.8861657672,4.78969290764,0.0,0.0,0.0488540654525,-0.00316554564703,0.0,0.05,0.01
477,-9.93044728855,9.37421285635,4.78,-9.2874116326,10.7766374359,4.79341661508,0.0,0.0,0.109856413169,0.00372370744215,0.0,0.05,0.01
478,-9.92369133652,9.2744413318,4.79,-9.27694446017,10.6477399912,4.8033607761,0.0,0.0,0.129321742028,0.00994416101509,0.0,0.05,0.01
479,-9.91593802368,9.17474235417,4.8,-9.26388778692,10.50461173,4.80787963173,-9.9243674275,9.36894039359,0.143722565567,0.0045188556364,0.1,0.05,0.01
480,-9.90718812533,9.07512589329,4.81,-9.25275987101,10.3884320622,4.81193519631,0.0,0.0,0.116711377897,0.00405556457728,0.0,0.05,0.01
481,-9.89744251647,8.97560191071,4.82,-9.24250682248,10.2857746313,4.82815809845,0.0,0.0,0.103168178836,0.0162229021404,0.0,0.05,0.01
482,-9.88670217165,8.87618035875,4.83,-9.22891347914,10.1688819657,4.83575781128,0.0,0.0,0.117680390267,0.00759971282385,0.0,0.05,0.01
483,-9.87496816489,8.77687117949,4.84,-9.21156571643,10.0289790183,4.83990179834,0.0,0.0,0.140974393238,0.00414398706248,0.0,0.05,0.01
484,-9.86224166959,8.67768430376,4.85,-9.21708124745,10.0719990484,4.84262763254,0.0,0.0,-0.0433721578052,0.00272583419982,0.0,0.05,0.01
485,-9.84852395838,8.57862965017,4.86,-9.21230497225,10.035533381,4.8390756273,0.0,0.0,0.0367771356633,-0.00355200523307,0.0,0.05,0.01
486,-9.83381640302,8.47971712409,4.87,-9.19271675084,9.88174199233,4.86110848992,0.0,0.0,0.155033833855,0.0220328626205,0.0,0.05,0.01
487,-9.81812047426,8.38095661669,4.88,-9.17611153443,9.77091178818,4.87354734368,0.0,0.0,0.11206724484,0.0124388537586,0.0,0.05,0.01
488,-9.80143774168,8.28235800396,4.89,-9.16192238008,9.68363055428,4.90603034363,0.0,0.0,0.0884270653795,0.0324829999427,0.0,0.05,0.01
489,-9.78376987353,8.18393114566,4.9,-9.12884774547,9.51496722054,4.90690333589,0.0,0.0,0.171875686481,0.00087299226602,0.0,0.05,0.01
490,-9.76511863659,8.08568588439,4.91,-9.10669068126,9.40249781915,4.91798151484,0.0,0.0,0.114631155197,0.0110781789465,0.0,0.05,0.01
491,-9.74548589596,7.98763204462,4.92,-9.09802578519,9.36094734536,4.93024069554,0.0,0.0,0.0424443435171,0.0122591807063,0.0,0.05,0.01
492,-9.72487361491,7.88977943162,4.93,-9.09119193208,9.33007589056,4.93612932901,0.0,0.0,0.0316187961401,0.0058886334647,0.0,0.05,0.01
493,-9.70328385464,7.79213783059,4.94,-9.05178175814,9.15688250854,4.93805622469,0.0,0.0,0.177620689637,0.00192689568483,0.0,0.05,0.01
494,-9.68071877411,7.69471700561,4.95,-9.03428037326,9.08064955213,4.94318666616,0.0,0.0,0.0782161243986,0.00513044146934,0.0,0.05,0.01
495,-9.65718062981,7.59752669867,4.96,-9.01983633868,9.01918163525,4.97238310754,0.0,0.0,0.0631421803553,0.029196441373,0.0,0.05,0.01
496,-9.63267177554,7.50057662872,4.97,-9.00206478422,8.95237511102,4.96913529123,0.0,0.0,0.069129876527,-0.00324781630218,0.0,0.05,0.01
497,-9.60719466217,7.4038764907,4.98,-8.98994675356,8.90621832327,4.97563622028,0.0,0.0,0.0477210197122,0.00650092904933,0.0,0.05,0.01
498,-9.58075183737,7.30743595453,4.99,-8.97011301445,8.83262418062,4.99159235157,0.0,0.0,0.0762199123527,0.0159561312854,0.0,0.05,0.01
499,-9.55334594542,7.21126466418,5.0,-8.93604760379,8.71380186286,4.9938919977,0.0,0.0,0.123609042554,0.00229964613052,0.0,0.05,0.01
